Entrez Gene Name,Gene Symbol - human (HUGO / HGNC / Entrez Gene),Expr Log Ratio,Expr p-value,Location,Type(s),,,,,,,,,,,,,,
cyclin B1,CCNB1,3.005,1.77E-33,Cytoplasm,enzyme,,,,,,,,,,,,,,
cyclin dependent kinase 1,CDK1,2.343,1.14E-20,Nucleus,kinase,,,,,,,,,,,,,,
cytochrome P450 family 1 subfamily A member 1,CYP1A1,-4.622,3.76E-17,Cytoplasm,enzyme,,,,,,,,,,,,,,
cytochrome P450 family 1 subfamily B member 1,CYP1B1,-2.072,1.56E-07,Cytoplasm,enzyme,,,,,,,,,,,,,,
cytochrome P450 family 2 subfamily E member 1,CYP2E1,2.151,1.74E-18,Cytoplasm,enzyme,,,,,,,,,,,,,,
matrix metallopeptidase 9,MMP9,2.043,5.60E-12,Extracellular Space,peptidase,,,,,,,,,,,,,,
phosphoinositide-3-kinase regulatory subunit 1,PIK3R1,-2.107,3.30E-27,Cytoplasm,kinase,,,,,,,,,,,,,,
UDP glucuronosyltransferase family 1 member A9,UGT1A9,2.027,2.11E-08,Cytoplasm,enzyme,,,,,,,,,,,,,,
ATP binding cassette subfamily A member 9,ABCA9,-2.325,9.11E-18,Other,transporter,,,,,,,,,,,,,,
acetyl-CoA carboxylase beta,ACACB,-2.716,1.75E-22,Cytoplasm,enzyme,,,,,,,,,,,,,,
atypical chemokine receptor 1 (Duffy blood group),ACKR1,-2.129,2.54E-13,Plasma Membrane,G-protein coupled receptor,,,,,,,,,,,,,,
acid phosphatase 3,ACP3,2.635,2.37E-46,Extracellular Space,phosphatase,,,,,,,,,,,,,,
"acid phosphatase 5, tartrate resistant",ACP5,2.029,2.84E-38,Cytoplasm,phosphatase,,,,,,,,,,,,,,
acyl-CoA synthetase bubblegum family member 1,ACSBG1,-2.324,1.69E-08,Cytoplasm,enzyme,,,,,,,,,,,,,,
"actin alpha 2, smooth muscle",ACTA2,-2.424,4.02E-16,Cytoplasm,other,,,,,,,,,,,,,,
activin A receptor type 1C,ACVR1C,-3.952,5.39E-19,Plasma Membrane,kinase,,,,,,,,,,,,,,
ADAM like decysin 1,ADAMDEC1,4.642,2.24E-41,Extracellular Space,peptidase,,,,,,,,,,,,,,
ADAM metallopeptidase with thrombospondin type 1 motif 1,ADAMTS1,-2.512,5.41E-18,Extracellular Space,peptidase,,,,,,,,,,,,,,
ADAM metallopeptidase with thrombospondin type 1 motif 9,ADAMTS9,-2.349,1.27E-11,Extracellular Space,peptidase,,,,,,,,,,,,,,
ADAM metallopeptidase with thrombospondin type 1 motif 15,ADAMTS15,-2.171,7.31E-12,Extracellular Space,peptidase,,,,,,,,,,,,,,
ArfGAP with dual PH domains 2,ADAP2,2.715,8.16E-74,Cytoplasm,other,,,,,,,,,,,,,,
"alcohol dehydrogenase 1B (class I), beta polypeptide",ADH1B,-2.451,7.24E-16,Cytoplasm,enzyme,,,,,,,,,,,,,,
"adiponectin, C1Q and collagen domain containing",ADIPOQ,-3.362,9.57E-09,Extracellular Space,other,,,,,,,,,,,,,,
adrenomedullin,ADM,-2.547,6.88E-26,Extracellular Space,other,,,,,,,,,,,,,,
adrenoceptor beta 1,ADRB1,-2.074,5.92E-16,Plasma Membrane,G-protein coupled receptor,,,,,,,,,,,,,,
adrenoceptor beta 2,ADRB2,-3.568,4.69E-41,Plasma Membrane,G-protein coupled receptor,,,,,,,,,,,,,,
AFTPH divergent transcript,AFTPH-DT,2.093,1.50E-29,Other,other,,,,,,,,,,,,,,
angiotensin II receptor type 1,AGTR1,-2.642,5.06E-11,Plasma Membrane,G-protein coupled receptor,,,,,,,,,,,,,,
AHNAK nucleoprotein 2,AHNAK2,-2.572,3.29E-19,Cytoplasm,other,,,,,,,,,,,,,,
absent in melanoma 2,AIM2,2.776,3.15E-18,Cytoplasm,other,,,,,,,,,,,,,,
A-kinase anchoring protein 12,AKAP12,-2.19,4.92E-15,Cytoplasm,transporter,,,,,,,,,,,,,,
aldo-keto reductase family 1 member B10,AKR1B10,4.823,7.44E-57,Cytoplasm,enzyme,,,,,,,,,,,,,,
aldehyde dehydrogenase 3 family member B2,ALDH3B2,2.46,6.31E-12,Cytoplasm,enzyme,,,,,,,,,,,,,,
"arachidonate 12-lipoxygenase, 12R type",ALOX12B,2.349,6.60E-27,Cytoplasm,enzyme,,,,,,,,,,,,,,
AMMECR nuclear protein 1,AMMECR1,2.502,2.50E-14,Nucleus,other,,,,,,,,,,,,,,
amine oxidase copper containing 3,AOC3,-2.365,3.64E-11,Plasma Membrane,enzyme,,,,,,,,,,,,,,
apolipoprotein B mRNA editing enzyme catalytic subunit 3A,APOBEC3A,3.461,4.34E-16,Cytoplasm,enzyme,,,,,,,,,,,,,,
apolipoprotein B mRNA editing enzyme catalytic subunit 3B,APOBEC3B,2.967,1.94E-29,Nucleus,enzyme,,,,,,,,,,,,,,
apolipoprotein C1,APOC1,-2.028,6.82E-19,Extracellular Space,transporter,,,,,,,,,,,,,,
apolipoprotein D,APOD,-2.068,5.05E-09,Extracellular Space,transporter,,,,,,,,,,,,,,
apolipoprotein L6,APOL6,2.407,1.02E-19,Extracellular Space,transporter,,,,,,,,,,,,,,
apolipoprotein L domain containing 1,APOLD1,-3.277,5.04E-26,Cytoplasm,other,,,,,,,,,,,,,,
arginase 1,ARG1,2.757,9.25E-24,Cytoplasm,enzyme,,,,,,,,,,,,,,
arylsulfatase F,ARSF,2.847,2.02E-30,Extracellular Space,enzyme,,,,,,,,,,,,,,
assembly factor for spindle microtubules,ASPM,2.341,2.44E-21,Nucleus,other,,,,,,,,,,,,,,
activating transcription factor 3,ATF3,-3.475,2.09E-23,Nucleus,transcription regulator,,,,,,,,,,,,,,
autophagy related 9B,ATG9B,2.043,2.07E-17,Cytoplasm,transporter,,,,,,,,,,,,,,
ATPase phospholipid transporting 10B (putative),ATP10B,2.042,1.25E-26,Plasma Membrane,transporter,,,,,,,,,,,,,,
ATPase H+/K+ transporting non-gastric alpha2 subunit,ATP12A,4.871,4.62E-32,Plasma Membrane,transporter,,,,,,,,,,,,,,
ATPase Na+/K+ transporting subunit alpha 2,ATP1A2,-2.112,1.19E-11,Plasma Membrane,enzyme,,,,,,,,,,,,,,
ATPase H+ transporting V0 subunit a4,ATP6V0A4,-2.845,6.40E-28,Cytoplasm,transporter,,,,,,,,,,,,,,
aurora kinase A,AURKA,2.346,1.93E-25,Nucleus,kinase,,,,,,,,,,,,,,
aurora kinase B,AURKB,2.215,9.10E-32,Nucleus,kinase,,,,,,,,,,,,,,
BTB domain and CNC homolog 2,BACH2,-2.008,8.25E-28,Nucleus,transcription regulator,,,,,,,,,,,,,,
BAG cochaperone 4,BAG4,-2.2,1.25E-30,Cytoplasm,other,,,,,,,,,,,,,,
Bardet-Biedl syndrome 2,BBS2,-2.046,6.37E-12,Cytoplasm,other,,,,,,,,,,,,,,
"BCAR3 adaptor protein, NSP family member",BCAR3,-2.259,8.74E-41,Cytoplasm,other,,,,,,,,,,,,,,
BCL6 transcription repressor,BCL6,-2.131,1.32E-14,Nucleus,transcription regulator,,,,,,,,,,,,,,
BCL2 related protein A1,BCL2A1,2.582,9.73E-30,Cytoplasm,other,,,,,,,,,,,,,,
basic helix-loop-helix family member e40,BHLHE40,-2.135,1.05E-11,Nucleus,transcription regulator,,,,,,,,,,,,,,
basic helix-loop-helix family member e41,BHLHE41,-2.187,7.78E-16,Nucleus,transcription regulator,,,,,,,,,,,,,,
baculoviral IAP repeat containing 5,BIRC5,2.62,3.46E-34,Cytoplasm,other,,,,,,,,,,,,,,
basic helix-loop-helix ARNT like 2,BMAL2,3.294,7.59E-56,Nucleus,transcription regulator,,,,,,,,,,,,,,
BRCA1 interacting helicase 1,BRIP1,2.107,2.56E-29,Nucleus,enzyme,,,,,,,,,,,,,,
betacellulin,BTC,-3.409,6.06E-14,Extracellular Space,growth factor,,,,,,,,,,,,,,
butyrophilin like 9,BTNL9,-2.358,7.17E-19,Plasma Membrane,other,,,,,,,,,,,,,,
complement C7,C7,-2.662,5.72E-21,Extracellular Space,other,,,,,,,,,,,,,,
chromosome 11 open reading frame 96,C11orf96,-2.498,3.28E-13,Other,other,,,,,,,,,,,,,,
chromosome 12 open reading frame 56,C12orf56,2.278,1.28E-28,Other,other,,,,,,,,,,,,,,
carbonic anhydrase 4,CA4,-2.328,4.23E-11,Plasma Membrane,enzyme,,,,,,,,,,,,,,
calcium homeostasis modulator family member 6,CALHM6,2.143,3.29E-16,Plasma Membrane,transporter,,,,,,,,,,,,,,
calcium/calmodulin dependent protein kinase II inhibitor 1,CAMK2N1,-2.046,1.26E-15,Plasma Membrane,kinase,,,,,,,,,,,,,,
calcium regulated heat stable protein 1,CARHSP1,2.755,2.64E-40,Cytoplasm,transcription regulator,,,,,,,,,,,,,,
caveolae associated protein 2,CAVIN2,-2.062,4.19E-15,Plasma Membrane,other,,,,,,,,,,,,,,
C-C motif chemokine ligand 13,CCL13,2.259,1.17E-08,Extracellular Space,cytokine,,,,,,,,,,,,,,
C-C motif chemokine ligand 18,CCL18,3.482,2.24E-12,Extracellular Space,cytokine,,,,,,,,,,,,,,
C-C motif chemokine ligand 22,CCL22,2.297,1.86E-14,Extracellular Space,cytokine,,,,,,,,,,,,,,
C-C motif chemokine ligand 27,CCL27,-2.218,4.60E-11,Extracellular Space,cytokine,,,,,,,,,,,,,,
cellular communication network factor 1,CCN1,-3.396,2.69E-26,Extracellular Space,other,,,,,,,,,,,,,,
cyclin A2,CCNA2,2.289,5.48E-27,Nucleus,other,,,,,,,,,,,,,,
cyclin B2,CCNB2,2.043,5.21E-26,Cytoplasm,other,,,,,,,,,,,,,,
cyclin L1,CCNL1,-2.096,5.52E-12,Nucleus,other,,,,,,,,,,,,,,
C-C motif chemokine receptor 7,CCR7,3.012,8.26E-19,Plasma Membrane,G-protein coupled receptor,,,,,,,,,,,,,,
CD2 molecule,CD2,3.122,9.02E-22,Plasma Membrane,transmembrane receptor,,,,,,,,,,,,,,
CD24 molecule,CD24,2.178,6.49E-39,Plasma Membrane,other,,,,,,,,,,,,,,
CD47 molecule,CD47,2.228,2.86E-56,Plasma Membrane,other,,,,,,,,,,,,,,
CD48 molecule,CD48,2.008,5.49E-12,Plasma Membrane,other,,,,,,,,,,,,,,
CD52 molecule,CD52,2.007,6.21E-13,Plasma Membrane,other,,,,,,,,,,,,,,
CD274 molecule,CD274,2.85,2.50E-13,Plasma Membrane,transmembrane receptor,,,,,,,,,,,,,,
CD24 molecule pseudogene 4,CD24P4,3.335,4.56E-33,Plasma Membrane,other,,,,,,,,,,,,,,
CD300 molecule like family member g,CD300LG,-2.788,2.28E-16,Plasma Membrane,other,,,,,,,,,,,,,,
CD3 delta subunit of T-cell receptor complex,CD3D,2.721,1.16E-19,Plasma Membrane,transmembrane receptor,,,,,,,,,,,,,,
cell division cycle 20,CDC20,2.412,6.21E-22,Nucleus,other,,,,,,,,,,,,,,
CDC42 binding protein kinase alpha,CDC42BPA,-2.227,1.14E-14,Cytoplasm,kinase,,,,,,,,,,,,,,
cyclin dependent kinase 5 regulatory subunit 1,CDK5R1,2.713,1.61E-58,Nucleus,kinase,,,,,,,,,,,,,,
cyclin dependent kinase inhibitor 3,CDKN3,2.815,2.00E-29,Cytoplasm,phosphatase,,,,,,,,,,,,,,
cysteine dioxygenase type 1,CDO1,-3.13,2.12E-15,Cytoplasm,enzyme,,,,,,,,,,,,,,
CEA cell adhesion molecule 7,CEACAM7,-2.387,1.14E-20,Plasma Membrane,other,,,,,,,,,,,,,,
centromere protein E,CENPE,2.168,5.06E-20,Nucleus,other,,,,,,,,,,,,,,
centromere protein K,CENPK,2.012,8.77E-21,Nucleus,other,,,,,,,,,,,,,,
centromere protein N,CENPN,2.455,6.75E-38,Nucleus,other,,,,,,,,,,,,,,
carboxylesterase 1,CES1,-2.272,7.68E-14,Cytoplasm,enzyme,,,,,,,,,,,,,,
cilia and flagella associated protein 251,CFAP251,2.268,4.35E-08,Cytoplasm,other,,,,,,,,,,,,,,
ChaC glutathione specific gamma-glutamylcyclotransferase 1,CHAC1,3.092,1.33E-21,Cytoplasm,enzyme,,,,,,,,,,,,,,
ChaC glutathione specific gamma-glutamylcyclotransferase 2,CHAC2,2.534,1.31E-42,Cytoplasm,enzyme,,,,,,,,,,,,,,
CHD2 adjacent suppressive regulatory RNA,CHASERR,-2.038,7.42E-24,Other,other,,,,,,,,,,,,,,
checkpoint kinase 1,CHEK1,2.16,8.95E-27,Nucleus,kinase,,,,,,,,,,,,,,
chitinase 3 like 2,CHI3L2,3.821,6.18E-28,Extracellular Space,enzyme,,,,,,,,,,,,,,
cholinergic receptor muscarinic 3,CHRM3,-2.09,4.33E-20,Plasma Membrane,G-protein coupled receptor,,,,,,,,,,,,,,
cholinergic receptor nicotinic alpha 9 subunit,CHRNA9,3.544,4.22E-46,Plasma Membrane,transmembrane receptor,,,,,,,,,,,,,,
cell death inducing DFFA like effector c,CIDEC,-2.415,8.89E-08,Cytoplasm,other,,,,,,,,,,,,,,
claudin 8,CLDN8,-3.679,2.40E-50,Plasma Membrane,other,,,,,,,,,,,,,,
C-type lectin domain containing 7A,CLEC7A,3.766,5.89E-44,Plasma Membrane,transmembrane receptor,,,,,,,,,,,,,,
chloride intracellular channel 5,CLIC5,-2.089,1.60E-18,Cytoplasm,ion channel,,,,,,,,,,,,,,
calsyntenin 2,CLSTN2,-2.251,1.42E-16,Plasma Membrane,transporter,,,,,,,,,,,,,,
cytidine/uridine monophosphate kinase 2,CMPK2,3.601,5.35E-38,Cytoplasm,kinase,,,,,,,,,,,,,,
cornifelin,CNFN,2.992,3.37E-48,Cytoplasm,other,,,,,,,,,,,,,,
cellular retinoic acid binding protein 2,CRABP2,2.29,2.19E-24,Cytoplasm,transporter,,,,,,,,,,,,,,
C-X-C motif chemokine ligand 1,CXCL1,3.403,3.81E-21,Extracellular Space,cytokine,,,,,,,,,,,,,,
C-X-C motif chemokine ligand 8,CXCL8,4.474,9.58E-18,Extracellular Space,cytokine,,,,,,,,,,,,,,
C-X-C motif chemokine ligand 9,CXCL9,5.643,2.13E-34,Extracellular Space,cytokine,,,,,,,,,,,,,,
C-X-C motif chemokine ligand 10,CXCL10,5.102,2.65E-35,Extracellular Space,cytokine,,,,,,,,,,,,,,
C-X-C motif chemokine ligand 11,CXCL11,3.064,8.93E-11,Extracellular Space,cytokine,,,,,,,,,,,,,,
C-X-C motif chemokine ligand 13,CXCL13,4.029,1.85E-21,Extracellular Space,cytokine,,,,,,,,,,,,,,
cytochrome P450 family 2 subfamily C member 18,CYP2C18,2.038,4.51E-18,Cytoplasm,enzyme,,,,,,,,,,,,,,
cytochrome P450 family 4 subfamily B member 1,CYP4B1,-2.012,6.31E-11,Cytoplasm,enzyme,,,,,,,,,,,,,,
cytochrome P450 family 4 subfamily F member 8,CYP4F8,-3.154,8.67E-23,Cytoplasm,enzyme,,,,,,,,,,,,,,
cytochrome P450 family 4 subfamily F member 22,CYP4F22,2.478,1.19E-38,Extracellular Space,enzyme,,,,,,,,,,,,,,
cysteine rich tail 1,CYSRT1,2.519,7.56E-50,Cytoplasm,other,,,,,,,,,,,,,,
dishevelled binding antagonist of beta catenin 1,DACT1,-2.258,2.28E-14,Cytoplasm,other,,,,,,,,,,,,,,
"DXZ4 associated non-coding transcript 2, distal",DANT2,-2.562,3.02E-23,Other,other,,,,,,,,,,,,,,
deleted in azoospermia 3,DAZ3,-2.188,4.95E-09,Other,other,,,,,,,,,,,,,,
DNA damage inducible transcript 3,DDIT3,-2.215,4.84E-30,Nucleus,transcription regulator,,,,,,,,,,,,,,
DNA damage inducible transcript 4,DDIT4,-2.444,1.56E-18,Cytoplasm,other,,,,,,,,,,,,,,
DEAD-box helicase 17,DDX17,-2.219,1.83E-08,Nucleus,enzyme,,,,,,,,,,,,,,
DExD/H-box 60 like,DDX60L,2.148,5.13E-28,Other,other,,,,,,,,,,,,,,
defensin beta 4A,DEFB4A,5.163,8.16E-17,Extracellular Space,other,,,,,,,,,,,,,,
DEPP autophagy regulator 1,DEPP1,-3.463,6.58E-19,Cytoplasm,other,,,,,,,,,,,,,,
dehydrogenase/reductase 9,DHRS9,2.9,3.87E-18,Cytoplasm,enzyme,,,,,,,,,,,,,,
DLG associated protein 5,DLGAP5,2.945,1.06E-34,Nucleus,other,,,,,,,,,,,,,,
deoxyribonuclease 1L3,DNASE1L3,2.259,6.45E-31,Nucleus,enzyme,,,,,,,,,,,,,,
delta/notch like EGF repeat containing,DNER,-2.458,1.50E-13,Plasma Membrane,transmembrane receptor,,,,,,,,,,,,,,
desmocollin 2,DSC2,3.515,8.77E-20,Plasma Membrane,other,,,,,,,,,,,,,,
desmoglein 2,DSG2,-2.03,2.83E-25,Plasma Membrane,other,,,,,,,,,,,,,,
dual specificity phosphatase 1,DUSP1,-3.064,4.39E-55,Nucleus,phosphatase,,,,,,,,,,,,,,
early growth response 1,EGR1,-3.233,6.29E-26,Nucleus,transcription regulator,,,,,,,,,,,,,,
endosome-lysosome associated apoptosis and autophagy regulator 1,ELAPOR1,-2.275,3.43E-21,Plasma Membrane,other,,,,,,,,,,,,,,
ELOVL fatty acid elongase 3,ELOVL3,-2.554,2.84E-08,Cytoplasm,enzyme,,,,,,,,,,,,,,
ectonucleotide pyrophosphatase/phosphodiesterase family member 5,ENPP5,-2.129,6.76E-26,Extracellular Space,enzyme,,,,,,,,,,,,,,
epithelial cell adhesion molecule,EPCAM,-2.152,8.76E-19,Plasma Membrane,other,,,,,,,,,,,,,,
epithelial stromal interaction 1,EPSTI1,4.117,1.91E-42,Other,other,,,,,,,,,,,,,,
endoplasmic reticulum aminopeptidase 2,ERAP2,2.125,1.01E-12,Cytoplasm,peptidase,,,,,,,,,,,,,,
estrogen related receptor gamma,ESRRG,-2.586,8.26E-25,Nucleus,ligand-dependent nuclear receptor,,,,,,,,,,,,,,
extended synaptotagmin 3,ESYT3,2.305,3.79E-31,Plasma Membrane,other,,,,,,,,,,,,,,
fatty acid binding protein 4,FABP4,-2.951,4.10E-09,Cytoplasm,transporter,,,,,,,,,,,,,,
fatty acid binding protein 5,FABP5,2.132,2.38E-30,Cytoplasm,transporter,,,,,,,,,,,,,,
fatty acid desaturase 1,FADS1,-2.874,7.00E-13,Plasma Membrane,enzyme,,,,,,,,,,,,,,
fatty acid desaturase 2,FADS2,-2.78,1.50E-13,Plasma Membrane,enzyme,,,,,,,,,,,,,,
family with sequence similarity 13 member A,FAM13A,-2.295,6.81E-36,Cytoplasm,other,,,,,,,,,,,,,,
family with sequence similarity 43 member A,FAM43A,2.168,3.08E-41,Other,other,,,,,,,,,,,,,,
fatty acyl-CoA reductase 2,FAR2,-2.223,3.41E-09,Cytoplasm,enzyme,,,,,,,,,,,,,,
fatty acid synthase,FASN,-2.006,1.76E-12,Cytoplasm,enzyme,,,,,,,,,,,,,,
F-box protein 32,FBXO32,-2.105,3.39E-14,Cytoplasm,enzyme,,,,,,,,,,,,,,
F-box protein 45,FBXO45,2.978,4.28E-57,Plasma Membrane,other,,,,,,,,,,,,,,
FCH and double SH3 domains 1,FCHSD1,4.041,4.78E-77,Plasma Membrane,other,,,,,,,,,,,,,,
flap structure-specific endonuclease 1,FEN1,2.422,3.13E-32,Nucleus,enzyme,,,,,,,,,,,,,,
FERM domain containing kindlin 2,FERMT2,-2.037,2.95E-16,Cytoplasm,other,,,,,,,,,,,,,,
fibroblast growth factor 2,FGF2,-2.028,1.05E-15,Extracellular Space,growth factor,,,,,,,,,,,,,,
fibroblast growth factor binding protein 2,FGFBP2,-2.31,2.40E-15,Extracellular Space,other,,,,,,,,,,,,,,
FKBP prolyl isomerase 5,FKBP5,-2.16,1.05E-08,Nucleus,enzyme,,,,,,,,,,,,,,
fms related receptor tyrosine kinase 1,FLT1,-2.085,3.87E-23,Plasma Membrane,kinase,,,,,,,,,,,,,,
FLVCR choline and putative heme transporter 2,FLVCR2,2.412,1.93E-27,Plasma Membrane,transporter,,,,,,,,,,,,,,
formin binding protein 1 like,FNBP1L,-2.077,2.52E-42,Cytoplasm,other,,,,,,,,,,,,,,
folliculin interacting protein 1,FNIP1,-2.378,7.61E-16,Cytoplasm,other,,,,,,,,,,,,,,
"Fos proto-oncogene, AP-1 transcription factor subunit",FOS,-4.924,8.19E-35,Nucleus,transcription regulator,,,,,,,,,,,,,,
"FosB proto-oncogene, AP-1 transcription factor subunit",FOSB,-4.455,2.74E-22,Nucleus,transcription regulator,,,,,,,,,,,,,,
forkhead box C1,FOXC1,-2.025,1.90E-21,Nucleus,transcription regulator,,,,,,,,,,,,,,
FRY like transcription coactivator,FRYL,-2.168,2.56E-21,Other,other,,,,,,,,,,,,,,
FXYD domain containing ion transport regulator 6,FXYD6,-2.211,8.58E-21,Plasma Membrane,ion channel,,,,,,,,,,,,,,
G0/G1 switch 2,G0S2,-2.742,1.39E-09,Cytoplasm,other,,,,,,,,,,,,,,
GABA type A receptor associated protein like 1,GABARAPL1,-2.008,1.03E-28,Cytoplasm,other,,,,,,,,,,,,,,
gamma-aminobutyric acid type B receptor subunit 1,GABBR1,3.034,7.32E-18,Plasma Membrane,G-protein coupled receptor,,,,,,,,,,,,,,
gamma-aminobutyric acid type A receptor subunit pi,GABRP,-2.768,3.38E-19,Plasma Membrane,ion channel,,,,,,,,,,,,,,
growth arrest and DNA damage inducible beta,GADD45B,-2.752,2.97E-30,Cytoplasm,other,,,,,,,,,,,,,,
galanin and GMAP prepropeptide,GAL,-3.283,1.32E-10,Extracellular Space,other,,,,,,,,,,,,,,
polypeptide N-acetylgalactosaminyltransferase 6,GALNT6,2.669,3.03E-21,Cytoplasm,enzyme,,,,,,,,,,,,,,
polypeptide N-acetylgalactosaminyltransferase 15,GALNT15,-2.396,4.57E-10,Cytoplasm,enzyme,,,,,,,,,,,,,,
GATA binding protein 3,GATA3,-2.016,1.50E-20,Nucleus,transcription regulator,,,,,,,,,,,,,,
guanylate binding protein 1,GBP1,2.226,2.69E-29,Cytoplasm,enzyme,,,,,,,,,,,,,,
guanylate binding protein 5,GBP5,2.67,1.52E-19,Cytoplasm,enzyme,,,,,,,,,,,,,,
guanylate binding protein family member 6,GBP6,2.002,3.90E-13,Other,other,,,,,,,,,,,,,,
guanine deaminase,GDA,4.804,1.18E-73,Cytoplasm,enzyme,,,,,,,,,,,,,,
glycerophosphodiester phosphodiesterase domain containing 3,GDPD3,3.227,1.75E-66,Cytoplasm,enzyme,,,,,,,,,,,,,,
gamma-glutamyl hydrolase,GGH,2.525,5.75E-57,Cytoplasm,peptidase,,,,,,,,,,,,,,
GINS complex subunit 2,GINS2,2.269,1.38E-24,Nucleus,other,,,,,,,,,,,,,,
gap junction protein beta 2,GJB2,2.566,1.31E-17,Plasma Membrane,transporter,,,,,,,,,,,,,,
glycerol kinase 4 pseudogene,GK4P,2.618,1.20E-19,Other,other,,,,,,,,,,,,,,
glycine decarboxylase,GLDC,-2.09,8.76E-15,Cytoplasm,enzyme,,,,,,,,,,,,,,
ganglioside GM2 activator,GM2A,2.67,7.57E-12,Cytoplasm,enzyme,,,,,,,,,,,,,,
"glycerol-3-phosphate acyltransferase, mitochondrial",GPAM,-2.442,2.33E-08,Cytoplasm,enzyme,,,,,,,,,,,,,,
glypican 6,GPC6,-2.299,3.92E-15,Plasma Membrane,transmembrane receptor,,,,,,,,,,,,,,
glycerol-3-phosphate dehydrogenase 1,GPD1,-3.352,5.23E-15,Cytoplasm,enzyme,,,,,,,,,,,,,,
G protein-coupled receptor 146,GPR146,-2.253,1.78E-23,Plasma Membrane,G-protein coupled receptor,,,,,,,,,,,,,,
G protein-coupled receptor 15 ligand,GPR15LG,6.191,4.79E-113,Extracellular Space,cytokine,,,,,,,,,,,,,,
G protein-coupled receptor class C group 5 member A,GPRC5A,-2.186,1.04E-14,Plasma Membrane,G-protein coupled receptor,,,,,,,,,,,,,,
growth factor receptor bound protein 14,GRB14,-2.265,1.57E-14,Plasma Membrane,other,,,,,,,,,,,,,,
"gremlin 2, DAN family BMP antagonist",GREM2,-2.168,2.35E-16,Extracellular Space,other,,,,,,,,,,,,,,
glutamate ionotropic receptor AMPA type subunit 2,GRIA2,-2.573,1.92E-21,Plasma Membrane,ion channel,,,,,,,,,,,,,,
granzyme A,GZMA,2.197,5.44E-14,Cytoplasm,peptidase,,,,,,,,,,,,,,
granzyme B,GZMB,3.21,5.33E-26,Cytoplasm,peptidase,,,,,,,,,,,,,,
H19 imprinted maternally expressed transcript,H19,-2.541,1.23E-08,Cytoplasm,other,,,,,,,,,,,,,,
H2A clustered histone 8,H2AC8,-2.268,7.43E-14,Nucleus,other,,,,,,,,,,,,,,
H2B clustered histone 5,H2BC5,-2.042,1.38E-15,Nucleus,other,,,,,,,,,,,,,,
H2B clustered histone 8,H2BC8,-2.916,1.51E-19,Nucleus,other,,,,,,,,,,,,,,
histidine ammonia-lyase,HAL,3.018,7.36E-37,Cytoplasm,enzyme,,,,,,,,,,,,,,
hydroxyacid oxidase 2,HAO2,-2.929,9.33E-19,Cytoplasm,enzyme,,,,,,,,,,,,,,
HMG-box transcription factor 1,HBP1,-2.371,5.29E-21,Nucleus,transcription regulator,,,,,,,,,,,,,,
HECT and RLD domain containing E3 ubiquitin protein ligase family member 6,HERC6,3.715,7.52E-41,Cytoplasm,enzyme,,,,,,,,,,,,,,
hes family bHLH transcription factor 1,HES1,-2.39,6.90E-38,Nucleus,transcription regulator,,,,,,,,,,,,,,
"major histocompatibility complex, class II, DP alpha 1",HLA-DPA1,2.064,2.80E-11,Plasma Membrane,transmembrane receptor,,,,,,,,,,,,,,
3-hydroxy-3-methylglutaryl-CoA synthase 2,HMGCS2,-2.187,1.83E-14,Cytoplasm,enzyme,,,,,,,,,,,,,,
heterogeneous nuclear ribonucleoprotein M,HNRNPM,-2.051,9.98E-19,Nucleus,other,,,,,,,,,,,,,,
HORMA domain containing 1,HORMAD1,2.464,8.12E-09,Nucleus,other,,,,,,,,,,,,,,
heparanase,HPSE,4.604,1.18E-85,Plasma Membrane,enzyme,,,,,,,,,,,,,,
hydroxysteroid 11-beta dehydrogenase 1,HSD11B1,-2.905,1.46E-27,Cytoplasm,enzyme,,,,,,,,,,,,,,
hydroxysteroid 17-beta dehydrogenase 1,HSD17B1,2.462,1.14E-32,Cytoplasm,enzyme,,,,,,,,,,,,,,
"hydroxy-delta-5-steroid dehydrogenase, 3 beta- and steroid delta-isomerase 1",HSD3B1,-3.592,1.33E-19,Cytoplasm,enzyme,,,,,,,,,,,,,,
5-hydroxytryptamine receptor 3A,HTR3A,3.104,2.14E-13,Plasma Membrane,ion channel,,,,,,,,,,,,,,
hyaluronidase 4,HYAL4,3.513,2.79E-47,Plasma Membrane,enzyme,,,,,,,,,,,,,,
inhibitor of DNA binding 4,ID4,-2.407,4.02E-24,Nucleus,transcription regulator,,,,,,,,,,,,,,
"indoleamine 2,3-dioxygenase 1",IDO1,2.082,5.18E-10,Cytoplasm,enzyme,,,,,,,,,,,,,,
interferon alpha inducible protein 6,IFI6,3.741,2.02E-23,Cytoplasm,other,,,,,,,,,,,,,,
interferon alpha inducible protein 27,IFI27,3.204,3.89E-31,Cytoplasm,other,,,,,,,,,,,,,,
interferon induced protein 44,IFI44,2.9,3.65E-21,Other,other,,,,,,,,,,,,,,
interferon induced protein 44 like,IFI44L,3.574,3.85E-31,Nucleus,other,,,,,,,,,,,,,,
interferon induced protein with tetratricopeptide repeats 1,IFIT1,2.625,6.67E-24,Cytoplasm,other,,,,,,,,,,,,,,
interferon induced protein with tetratricopeptide repeats 3,IFIT3,2.937,1.14E-37,Cytoplasm,other,,,,,,,,,,,,,,
interferon induced transmembrane protein 10,IFITM10,2.252,2.97E-25,Other,other,,,,,,,,,,,,,,
insulin like growth factor binding protein 5,IGFBP5,-2.227,4.65E-15,Extracellular Space,other,,,,,,,,,,,,,,
insulin like growth factor binding protein 6,IGFBP6,-2.081,3.19E-09,Extracellular Space,other,,,,,,,,,,,,,,
IGF like family member 1,IGFL1,6.332,2.72E-72,Extracellular Space,other,,,,,,,,,,,,,,
immunoglobulin heavy constant gamma 2 (G2m marker),IGHG2,-2.129,2.35E-05,Plasma Membrane,other,,,,,,,,,,,,,,
interleukin 6,IL6,-4.328,4.54E-20,Extracellular Space,cytokine,,,,,,,,,,,,,,
interleukin 19,IL19,3.337,8.47E-15,Extracellular Space,cytokine,,,,,,,,,,,,,,
interleukin 37,IL37,-2.035,4.62E-12,Extracellular Space,cytokine,,,,,,,,,,,,,,
interleukin 36 alpha,IL36A,2.311,1.70E-09,Extracellular Space,cytokine,,,,,,,,,,,,,,
interleukin 36 gamma,IL36G,4.579,2.60E-42,Extracellular Space,cytokine,,,,,,,,,,,,,,
interleukin 36 receptor antagonist,IL36RN,2.719,1.02E-40,Extracellular Space,cytokine,,,,,,,,,,,,,,
interleukin 6 cytokine family signal transducer,IL6ST,-2.166,1.11E-18,Plasma Membrane,transmembrane receptor,,,,,,,,,,,,,,
interleukin 7 receptor,IL7R,2.232,2.38E-12,Plasma Membrane,transmembrane receptor,,,,,,,,,,,,,,
inner mitochondrial membrane peptidase subunit 2,IMMP2L,-2.09,3.06E-21,Cytoplasm,peptidase,,,,,,,,,,,,,,
internexin neuronal intermediate filament protein alpha,INA,3.015,6.98E-54,Cytoplasm,other,,,,,,,,,,,,,,
inhibin subunit beta B,INHBB,-2.035,1.07E-13,Extracellular Space,growth factor,,,,,,,,,,,,,,
insulin induced gene 1,INSIG1,-2.165,7.78E-27,Cytoplasm,other,,,,,,,,,,,,,,
insulin receptor,INSR,-2.12,1.96E-24,Plasma Membrane,kinase,,,,,,,,,,,,,,
interferon regulatory factor 6,IRF6,-2.011,7.99E-09,Nucleus,transcription regulator,,,,,,,,,,,,,,
ISG15 ubiquitin like modifier,ISG15,3.319,1.66E-27,Cytoplasm,other,,,,,,,,,,,,,,
involucrin,IVL,2.126,3.63E-13,Cytoplasm,other,,,,,,,,,,,,,,
"Jun proto-oncogene, AP-1 transcription factor subunit",JUN,-2.853,2.28E-47,Nucleus,transcription regulator,,,,,,,,,,,,,,
potassium two pore domain channel subfamily K member 5,KCNK5,-2.141,9.31E-20,Plasma Membrane,ion channel,,,,,,,,,,,,,,
kinesin family member 27,KIF27,-2.467,4.17E-30,Cytoplasm,other,,,,,,,,,,,,,,
kinesin family member 20A,KIF20A,2.078,8.39E-20,Cytoplasm,other,,,,,,,,,,,,,,
kinesin family member 2C,KIF2C,2.123,6.31E-21,Nucleus,other,,,,,,,,,,,,,,
kinesin family member 4A,KIF4A,2.127,4.43E-24,Nucleus,other,,,,,,,,,,,,,,
KLF transcription factor 2,KLF2,-2.59,3.58E-40,Nucleus,transcription regulator,,,,,,,,,,,,,,
KLF transcription factor 9,KLF9,-2.387,1.53E-28,Nucleus,transcription regulator,,,,,,,,,,,,,,
kelch domain containing 7B,KLHDC7B,3.314,3.09E-20,Other,other,,,,,,,,,,,,,,
KLHDC7B divergent transcript,KLHDC7B-DT,4.003,1.24E-36,Other,other,,,,,,,,,,,,,,
kelch like family member 18,KLHL18,2.225,4.42E-15,Other,other,,,,,,,,,,,,,,
kelch like family member 24,KLHL24,-2.189,1.36E-29,Plasma Membrane,other,,,,,,,,,,,,,,
kallikrein related peptidase 6,KLK6,5.654,1.01E-46,Cytoplasm,peptidase,,,,,,,,,,,,,,
kallikrein related peptidase 7,KLK7,2.063,8.08E-19,Extracellular Space,peptidase,,,,,,,,,,,,,,
kallikrein related peptidase 8,KLK8,3.42,1.00E-59,Extracellular Space,peptidase,,,,,,,,,,,,,,
kallikrein related peptidase 10,KLK10,2.644,7.86E-30,Extracellular Space,peptidase,,,,,,,,,,,,,,
kallikrein related peptidase 13,KLK13,4.651,9.10E-51,Extracellular Space,peptidase,,,,,,,,,,,,,,
killer cell lectin like receptor B1,KLRB1,2.1,5.15E-18,Plasma Membrane,transmembrane receptor,,,,,,,,,,,,,,
lysine methyltransferase 2A,KMT2A,-2.136,1.07E-29,Nucleus,enzyme,,,,,,,,,,,,,,
kringle containing transmembrane protein 1,KREMEN1,2.194,6.28E-22,Plasma Membrane,other,,,,,,,,,,,,,,
keratin 7,KRT7,-3.222,6.86E-17,Cytoplasm,other,,,,,,,,,,,,,,
keratin 9,KRT9,3.411,5.10E-15,Cytoplasm,other,,,,,,,,,,,,,,
keratin 15,KRT15,-2.116,4.39E-14,Cytoplasm,other,,,,,,,,,,,,,,
keratin 16,KRT16,2.964,1.14E-10,Cytoplasm,other,,,,,,,,,,,,,,
keratin 18,KRT18,-2.332,3.51E-10,Cytoplasm,other,,,,,,,,,,,,,,
keratin 19,KRT19,-2.688,1.79E-10,Cytoplasm,other,,,,,,,,,,,,,,
keratin 77,KRT77,-3.871,1.39E-38,Cytoplasm,other,,,,,,,,,,,,,,
keratin 78,KRT78,2.245,1.44E-11,Cytoplasm,other,,,,,,,,,,,,,,
keratin 79,KRT79,-2.246,9.07E-08,Other,other,,,,,,,,,,,,,,
keratin 6A,KRT6A,2.738,5.32E-19,Other,other,,,,,,,,,,,,,,
keratin 6B,KRT6B,2.716,1.74E-15,Other,other,,,,,,,,,,,,,,
kynureninase,KYNU,4.796,1.11E-68,Cytoplasm,enzyme,,,,,,,,,,,,,,
lysosomal associated membrane protein 3,LAMP3,2.716,1.41E-24,Plasma Membrane,other,,,,,,,,,,,,,,
"La ribonucleoprotein 6, translational regulator",LARP6,-2.126,2.40E-24,Cytoplasm,other,,,,,,,,,,,,,,
late cornified envelope 3D,LCE3D,5.413,2.41E-47,Cytoplasm,other,,,,,,,,,,,,,,
"LCK proto-oncogene, Src family tyrosine kinase",LCK,2.718,5.86E-19,Cytoplasm,kinase,,,,,,,,,,,,,,
lipocalin 2,LCN2,4.917,5.02E-34,Extracellular Space,transporter,,,,,,,,,,,,,,
galectin 2,LGALS2,2.58,4.06E-12,Cytoplasm,other,,,,,,,,,,,,,,
LIM homeobox 2,LHX2,-2.523,1.91E-09,Nucleus,transcription regulator,,,,,,,,,,,,,,
LIF receptor subunit alpha,LIFR,-2.334,4.44E-17,Plasma Membrane,transmembrane receptor,,,,,,,,,,,,,,
long intergenic non-protein coding RNA 1094,LINC01094,2.073,6.34E-17,Other,other,,,,,,,,,,,,,,
long intergenic non-protein coding RNA 1140,LINC01140,-2.289,3.76E-10,Other,other,,,,,,,,,,,,,,
"long intergenic non-protein coding RNA, p53 induced transcript",LINC-PINT,-2.437,2.00E-27,Other,other,,,,,,,,,,,,,,
lipoprotein lipase,LPL,-3.814,3.67E-16,Cytoplasm,enzyme,,,,,,,,,,,,,,
LIM domain containing preferred translocation partner in lipoma,LPP,-2.442,1.40E-22,Nucleus,other,,,,,,,,,,,,,,
LDL receptor related protein 8,LRP8,2.758,1.08E-47,Plasma Membrane,transmembrane receptor,,,,,,,,,,,,,,
lymphotoxin beta,LTB,2.785,1.64E-20,Extracellular Space,cytokine,,,,,,,,,,,,,,
lactotransferrin,LTF,3.551,5.43E-13,Extracellular Space,other,,,,,,,,,,,,,,
LY6/PLAUR domain containing 5,LYPD5,2.13,3.86E-17,Other,other,,,,,,,,,,,,,,
lymphatic vessel endothelial hyaluronan receptor 1,LYVE1,-2.099,5.64E-10,Plasma Membrane,transmembrane receptor,,,,,,,,,,,,,,
lysozyme,LYZ,3.928,1.23E-18,Extracellular Space,enzyme,,,,,,,,,,,,,,
mitotic arrest deficient 2 like 1,MAD2L1,2.447,2.34E-22,Nucleus,other,,,,,,,,,,,,,,
metastasis associated lung adenocarcinoma transcript 1,MALAT1,-2.058,6.56E-11,Nucleus,other,,,,,,,,,,,,,,
monoamine oxidase A,MAOA,-2.13,1.28E-21,Cytoplasm,enzyme,,,,,,,,,,,,,,
myoglobin,MB,-2.263,1.20E-17,Cytoplasm,transporter,,,,,,,,,,,,,,
minichromosome maintenance 10 replication initiation factor,MCM10,2.005,1.85E-16,Nucleus,other,,,,,,,,,,,,,,
multiple EGF like domains 10,MEGF10,-2.355,4.63E-21,Plasma Membrane,transmembrane receptor,,,,,,,,,,,,,,
maternal embryonic leucine zipper kinase,MELK,2.28,3.68E-33,Cytoplasm,kinase,,,,,,,,,,,,,,
major facilitator superfamily domain containing 4A,MFSD4A,-2.545,1.30E-20,Other,other,,,,,,,,,,,,,,
marker of proliferation Ki-67,MKI67,2.774,6.57E-33,Nucleus,other,,,,,,,,,,,,,,
matrix metallopeptidase 1,MMP1,2.981,7.66E-13,Extracellular Space,peptidase,,,,,,,,,,,,,,
matrix metallopeptidase 7,MMP7,-2.362,4.07E-14,Extracellular Space,peptidase,,,,,,,,,,,,,,
matrix metallopeptidase 12,MMP12,4.715,1.57E-27,Extracellular Space,peptidase,,,,,,,,,,,,,,
monoacylglycerol O-acyltransferase 1,MOGAT1,-2.498,8.17E-18,Cytoplasm,enzyme,,,,,,,,,,,,,,
muscle RAS oncogene homolog,MRAS,-2.129,2.68E-15,Plasma Membrane,enzyme,,,,,,,,,,,,,,
melanoregulin,MREG,2.246,9.01E-31,Cytoplasm,other,,,,,,,,,,,,,,
microseminoprotein beta,MSMB,-2.316,6.19E-10,Extracellular Space,other,,,,,,,,,,,,,,
mitochondrial fission regulator 2,MTFR2,2.389,1.03E-38,Cytoplasm,other,,,,,,,,,,,,,,
"mucin 1, cell surface associated",MUC1,-2.215,6.17E-16,Plasma Membrane,transmembrane receptor,,,,,,,,,,,,,,
"mucin 7, secreted",MUC7,-4.423,1.15E-47,Cytoplasm,other,,,,,,,,,,,,,,
MX dynamin like GTPase 1,MX1,3.663,9.87E-40,Cytoplasm,enzyme,,,,,,,,,,,,,,
myosin binding protein C1,MYBPC1,-2.428,1.36E-16,Cytoplasm,other,,,,,,,,,,,,,,
NEDD4 binding protein 2 like 1,N4BP2L1,-2.085,4.13E-12,Other,other,,,,,,,,,,,,,,
nicotinamide phosphoribosyltransferase,NAMPT,-2.252,3.17E-13,Extracellular Space,cytokine,,,,,,,,,,,,,,
napsin B aspartic peptidase (pseudogene),NAPSB,2.255,6.45E-12,Other,other,,,,,,,,,,,,,,
neurocalcin delta,NCALD,-2.28,1.13E-15,Cytoplasm,other,,,,,,,,,,,,,,
NDC80 kinetochore complex component,NDC80,2.545,6.11E-44,Nucleus,other,,,,,,,,,,,,,,
"neural precursor cell expressed, developmentally down-regulated 9",NEDD9,-2.684,8.85E-20,Nucleus,other,,,,,,,,,,,,,,
nuclear factor of activated T cells 5,NFAT5,-2.194,5.99E-26,Nucleus,transcription regulator,,,,,,,,,,,,,,
"nuclear factor, interleukin 3 regulated",NFIL3,-2.339,5.27E-28,Nucleus,transcription regulator,,,,,,,,,,,,,,
NLR family member X1,NLRX1,2.537,2.33E-34,Cytoplasm,other,,,,,,,,,,,,,,
nuclear receptor subfamily 1 group D member 1,NR1D1,-3.56,3.97E-24,Nucleus,ligand-dependent nuclear receptor,,,,,,,,,,,,,,
nuclear receptor subfamily 3 group C member 2,NR3C2,-2.275,4.93E-26,Nucleus,ligand-dependent nuclear receptor,,,,,,,,,,,,,,
nuclear receptor subfamily 4 group A member 1,NR4A1,-3.048,1.42E-39,Nucleus,ligand-dependent nuclear receptor,,,,,,,,,,,,,,
nuclear receptor subfamily 4 group A member 2,NR4A2,-2.014,1.78E-25,Nucleus,ligand-dependent nuclear receptor,,,,,,,,,,,,,,
2'-5'-oligoadenylate synthetase 1,OAS1,3.7,3.09E-41,Cytoplasm,enzyme,,,,,,,,,,,,,,
2'-5'-oligoadenylate synthetase 2,OAS2,4.58,9.26E-43,Cytoplasm,enzyme,,,,,,,,,,,,,,
2'-5'-oligoadenylate synthetase 3,OAS3,2.841,6.54E-22,Cytoplasm,enzyme,,,,,,,,,,,,,,
2'-5'-oligoadenylate synthetase like,OASL,4.638,6.79E-42,Cytoplasm,enzyme,,,,,,,,,,,,,,
osteoglycin,OGN,-2.356,1.87E-12,Extracellular Space,growth factor,,,,,,,,,,,,,,
Opa interacting protein 5,OIP5,2.19,3.20E-29,Nucleus,other,,,,,,,,,,,,,,
oxysterol binding protein like 8,OSBPL8,-2.001,8.66E-24,Plasma Membrane,transporter,,,,,,,,,,,,,,
oncostatin M receptor,OSMR,-2.404,1.53E-15,Plasma Membrane,transmembrane receptor,,,,,,,,,,,,,,
"OTU deubiquitinase, ubiquitin aldehyde binding 2",OTUB2,2.823,1.28E-36,Nucleus,enzyme,,,,,,,,,,,,,,
prolyl 4-hydroxylase subunit alpha 1,P4HA1,-2.016,6.83E-21,Cytoplasm,enzyme,,,,,,,,,,,,,,
peptidyl arginine deiminase 2,PADI2,-2.322,5.10E-21,Cytoplasm,enzyme,,,,,,,,,,,,,,
PALM2 and AKAP2 fusion,PALM2AKAP2,-2.117,7.65E-20,Plasma Membrane,other,,,,,,,,,,,,,,
poly(ADP-ribose) polymerase family member 9,PARP9,2.662,3.29E-41,Nucleus,enzyme,,,,,,,,,,,,,,
PDZ binding kinase,PBK,2.533,1.13E-24,Cytoplasm,kinase,,,,,,,,,,,,,,
protocadherin 9,PCDH9,-2.072,6.48E-13,Plasma Membrane,other,,,,,,,,,,,,,,
polycomb group ring finger 5,PCGF5,2.078,8.11E-31,Cytoplasm,enzyme,,,,,,,,,,,,,,
phosphoenolpyruvate carboxykinase 1,PCK1,-2.388,8.69E-11,Cytoplasm,kinase,,,,,,,,,,,,,,
PCNA clamp associated factor,PCLAF,3.057,5.54E-30,Nucleus,other,,,,,,,,,,,,,,
phosphodiesterase 9A,PDE9A,-2.373,5.85E-21,Cytoplasm,enzyme,,,,,,,,,,,,,,
pyruvate dehydrogenase kinase 4,PDK4,-3.344,9.17E-21,Cytoplasm,kinase,,,,,,,,,,,,,,
PDZ and LIM domain 3,PDLIM3,-2.083,1.16E-19,Cytoplasm,other,,,,,,,,,,,,,,
PDZK1 interacting protein 1,PDZK1IP1,2.665,1.91E-39,Extracellular Space,other,,,,,,,,,,,,,,
PDZ domain containing ring finger 4,PDZRN4,-2.028,9.75E-12,Other,other,,,,,,,,,,,,,,
period circadian regulator 1,PER1,-2.691,8.08E-23,Nucleus,transcription regulator,,,,,,,,,,,,,,
peptidoglycan recognition protein 4,PGLYRP4,2.337,1.53E-28,Plasma Membrane,transmembrane receptor,,,,,,,,,,,,,,
pleckstrin homology like domain family A member 1,PHLDA1,-2.165,3.77E-13,Cytoplasm,other,,,,,,,,,,,,,,
phytanoyl-CoA 2-hydroxylase interacting protein,PHYHIP,-2.636,5.07E-28,Cytoplasm,other,,,,,,,,,,,,,,
peptidase inhibitor 3,PI3,4.93,8.78E-26,Extracellular Space,other,,,,,,,,,,,,,,
prolactin induced protein,PIP,-3.072,5.89E-08,Extracellular Space,peptidase,,,,,,,,,,,,,,
plakophilin 3,PKP3,2.11,4.82E-13,Plasma Membrane,other,,,,,,,,,,,,,,
phospholipase A2 group IIF,PLA2G2F,2.192,3.98E-19,Extracellular Space,enzyme,,,,,,,,,,,,,,
phospholipase A and acyltransferase 3,PLAAT3,-2.65,1.24E-11,Cytoplasm,enzyme,,,,,,,,,,,,,,
phospholipase B domain containing 1,PLBD1,2.891,1.45E-96,Cytoplasm,enzyme,,,,,,,,,,,,,,
phospholipase C beta 4,PLCB4,-2.374,1.00E-29,Cytoplasm,enzyme,,,,,,,,,,,,,,
perilipin 1,PLIN1,-3.307,2.49E-09,Cytoplasm,other,,,,,,,,,,,,,,
perilipin 2,PLIN2,-2.206,1.29E-16,Plasma Membrane,other,,,,,,,,,,,,,,
peptidase M20 domain containing 1,PM20D1,-3.361,2.70E-12,Cytoplasm,peptidase,,,,,,,,,,,,,,
phorbol-12-myristate-13-acetate-induced protein 1,PMAIP1,-2.046,1.96E-18,Cytoplasm,other,,,,,,,,,,,,,,
"DNA polymerase epsilon 2, accessory subunit",POLE2,2.094,1.00E-46,Nucleus,enzyme,,,,,,,,,,,,,,
RNA polymerase III subunit G,POLR3G,2.21,1.55E-31,Nucleus,enzyme,,,,,,,,,,,,,,
peroxisome proliferator activated receptor gamma,PPARG,-2.433,1.55E-14,Nucleus,ligand-dependent nuclear receptor,,,,,,,,,,,,,,
PPARG coactivator 1 alpha,PPARGC1A,-3.321,3.96E-34,Nucleus,transcription regulator,,,,,,,,,,,,,,
PPFIA binding protein 1,PPFIBP1,-2.607,5.80E-40,Plasma Membrane,other,,,,,,,,,,,,,,
peptidylprolyl isomerase F,PPIF,2.239,3.39E-16,Cytoplasm,enzyme,,,,,,,,,,,,,,
protein phosphatase 1 regulatory subunit 15A,PPP1R15A,-2.051,1.42E-22,Cytoplasm,other,,,,,,,,,,,,,,
protein phosphatase 1 regulatory inhibitor subunit 1A,PPP1R1A,-3.77,7.57E-18,Cytoplasm,phosphatase,,,,,,,,,,,,,,
protein phosphatase 1 regulatory inhibitor subunit 1B,PPP1R1B,-3.278,6.65E-25,Cytoplasm,phosphatase,,,,,,,,,,,,,,
protein phosphatase 1 regulatory subunit 3B,PPP1R3B,-2.443,2.86E-22,Cytoplasm,phosphatase,,,,,,,,,,,,,,
protein phosphatase 1 regulatory subunit 3C,PPP1R3C,-2.091,4.90E-14,Cytoplasm,phosphatase,,,,,,,,,,,,,,
protein kinase cAMP-dependent type II regulatory subunit beta,PRKAR2B,-2.088,9.04E-12,Cytoplasm,kinase,,,,,,,,,,,,,,
protein kinase C theta,PRKCQ,2.864,2.07E-21,Cytoplasm,kinase,,,,,,,,,,,,,,
proline rich 11,PRR11,2.161,4.47E-27,Cytoplasm,other,,,,,,,,,,,,,,
proline rich 15 like,PRR15L,-2.342,1.56E-23,Other,other,,,,,,,,,,,,,,
serine protease 3,PRSS3,2.845,2.06E-45,Extracellular Space,peptidase,,,,,,,,,,,,,,
serine protease 27,PRSS27,4.617,1.30E-57,Cytoplasm,peptidase,,,,,,,,,,,,,,
serine protease 53,PRSS53,2.948,4.80E-22,Other,other,,,,,,,,,,,,,,
PRSS3 pseudogene 1,PRSS3P1,2.224,1.85E-40,Other,other,,,,,,,,,,,,,,
prostaglandin-endoperoxide synthase 2,PTGS2,-2.42,7.60E-11,Cytoplasm,enzyme,,,,,,,,,,,,,,
PYD and CARD domain containing,PYCARD,2.103,6.93E-37,Cytoplasm,other,,,,,,,,,,,,,,
"RAB27A, member RAS oncogene family",RAB27A,2.191,3.43E-29,Cytoplasm,enzyme,,,,,,,,,,,,,,
RAB GTPase activating protein 1 like,RABGAP1L,-2.05,3.35E-12,Cytoplasm,other,,,,,,,,,,,,,,
Rac family small GTPase 2,RAC2,2.067,1.41E-13,Cytoplasm,enzyme,,,,,,,,,,,,,,
RAD51 associated protein 1,RAD51AP1,2.074,1.38E-26,Nucleus,other,,,,,,,,,,,,,,
ras related dexamethasone induced 1,RASD1,-2.528,5.33E-32,Cytoplasm,enzyme,,,,,,,,,,,,,,
retinol binding protein 4,RBP4,-3.511,2.33E-10,Extracellular Space,other,,,,,,,,,,,,,,
repulsive guidance molecule BMP co-receptor a,RGMA,-2.011,1.68E-21,Plasma Membrane,other,,,,,,,,,,,,,,
RANBP2 like and GRIP domain containing 5,RGPD5,-2.627,1.87E-37,Nucleus,other,,,,,,,,,,,,,,
regulator of G protein signaling 1,RGS1,-2.03,2.09E-08,Plasma Membrane,enzyme,,,,,,,,,,,,,,
regulator of G protein signaling 20,RGS20,3.436,2.66E-68,Cytoplasm,enzyme,,,,,,,,,,,,,,
Rh family C glycoprotein,RHCG,3.841,5.65E-25,Plasma Membrane,transporter,,,,,,,,,,,,,,
ras homolog family member B,RHOB,-2.706,4.64E-40,Cytoplasm,enzyme,,,,,,,,,,,,,,
Rho related BTB domain containing 3,RHOBTB3,-2.42,2.25E-23,Cytoplasm,enzyme,,,,,,,,,,,,,,
rhophilin Rho GTPase binding protein 2,RHPN2,-2.887,9.62E-18,Cytoplasm,other,,,,,,,,,,,,,,
regulating synaptic membrane exocytosis 3,RIMS3,2.465,1.51E-28,Plasma Membrane,other,,,,,,,,,,,,,,
ribonuclease A family member 7,RNASE7,3.868,1.47E-22,Extracellular Space,enzyme,,,,,,,,,,,,,,
rhophilin associated tail protein 1,ROPN1,-2.17,8.01E-17,Cytoplasm,other,,,,,,,,,,,,,,
RAR related orphan receptor A,RORA,-2.531,4.37E-10,Nucleus,ligand-dependent nuclear receptor,,,,,,,,,,,,,,
RAR related orphan receptor C,RORC,-2.165,4.38E-23,Nucleus,ligand-dependent nuclear receptor,,,,,,,,,,,,,,
ribonucleotide reductase regulatory subunit M2,RRM2,3.12,7.10E-32,Cytoplasm,enzyme,,,,,,,,,,,,,,
radical S-adenosyl methionine domain containing 2,RSAD2,4.097,5.48E-31,Cytoplasm,enzyme,,,,,,,,,,,,,,
R-spondin 3,RSPO3,-2.177,4.67E-13,Extracellular Space,kinase,,,,,,,,,,,,,,
receptor transporter protein 4,RTP4,3.407,1.61E-32,Plasma Membrane,other,,,,,,,,,,,,,,
S100 calcium binding protein A7,S100A7,3.705,2.78E-21,Cytoplasm,other,,,,,,,,,,,,,,
S100 calcium binding protein A8,S100A8,3.312,1.54E-16,Cytoplasm,other,,,,,,,,,,,,,,
S100 calcium binding protein A9,S100A9,4.62,4.21E-21,Cytoplasm,other,,,,,,,,,,,,,,
S100 calcium binding protein A12,S100A12,7.079,2.43E-107,Cytoplasm,other,,,,,,,,,,,,,,
S100 calcium binding protein A7A,S100A7A,5.223,2.14E-19,Cytoplasm,other,,,,,,,,,,,,,,
sterile alpha motif domain containing 9,SAMD9,2.946,4.30E-33,Cytoplasm,other,,,,,,,,,,,,,,
suppressor APC domain containing 1,SAPCD1,-2.198,1.42E-16,Other,other,,,,,,,,,,,,,,
secretoglobin family 1D member 2,SCGB1D2,-3.613,7.08E-12,Extracellular Space,other,,,,,,,,,,,,,,
secretoglobin family 2A member 1,SCGB2A1,-2.647,1.64E-11,Extracellular Space,other,,,,,,,,,,,,,,
secretoglobin family 2A member 2,SCGB2A2,-2.543,5.74E-06,Extracellular Space,other,,,,,,,,,,,,,,
sodium voltage-gated channel alpha subunit 7,SCN7A,-2.519,4.92E-25,Plasma Membrane,ion channel,,,,,,,,,,,,,,
short chain dehydrogenase/reductase family 9C member 7,SDR9C7,2.175,9.73E-13,Other,enzyme,,,,,,,,,,,,,,
SEC14 like lipid binding 4,SEC14L4,-2.484,1.77E-14,Other,other,,,,,,,,,,,,,,
selectin L,SELL,2.437,1.01E-08,Plasma Membrane,transmembrane receptor,,,,,,,,,,,,,,
semaphorin 3G,SEMA3G,-2.258,1.55E-23,Cytoplasm,other,,,,,,,,,,,,,,
septin 11,SEPTIN11,-2.348,7.58E-21,Nucleus,other,,,,,,,,,,,,,,
--,SERHL,-3.047,3.79E-14,Cytoplasm,other,,,,,,,,,,,,,,
serine hydrolase like 2,SERHL2,-3.312,1.46E-16,Cytoplasm,enzyme,,,,,,,,,,,,,,
serpin family B member 3,SERPINB3,4.741,2.02E-26,Cytoplasm,other,,,,,,,,,,,,,,
serpin family B member 4,SERPINB4,5.086,6.73E-16,Cytoplasm,other,,,,,,,,,,,,,,
serpin family B member 13,SERPINB13,3.492,5.39E-24,Cytoplasm,other,,,,,,,,,,,,,,
serpin family E member 1,SERPINE1,-2.045,4.67E-11,Extracellular Space,other,,,,,,,,,,,,,,
splicing factor 1,SF1,-2.144,7.27E-13,Nucleus,transcription regulator,,,,,,,,,,,,,,
secreted frizzled related protein 1,SFRP1,-2.234,3.16E-16,Plasma Membrane,transmembrane receptor,,,,,,,,,,,,,,
SH3PXD2A antisense RNA 1,SH3PXD2A-AS1,2.313,1.01E-15,Other,other,,,,,,,,,,,,,,
SH3 domain containing ring finger 1,SH3RF1,-2.601,2.89E-27,Cytoplasm,enzyme,,,,,,,,,,,,,,
salt inducible kinase 1,SIK1,-3.214,5.60E-37,Cytoplasm,kinase,,,,,,,,,,,,,,
SLAM family member 7,SLAMF7,2.684,3.34E-36,Plasma Membrane,other,,,,,,,,,,,,,,
solute carrier family 23 member 2,SLC23A2,2.483,1.12E-14,Plasma Membrane,transporter,,,,,,,,,,,,,,
solute carrier family 26 member 2,SLC26A2,-2.114,2.28E-19,Plasma Membrane,transporter,,,,,,,,,,,,,,
solute carrier family 26 member 9,SLC26A9,3.21,1.01E-29,Plasma Membrane,transporter,,,,,,,,,,,,,,
solute carrier family 2 member 3,SLC2A3,-2.879,1.38E-28,Plasma Membrane,transporter,,,,,,,,,,,,,,
solute carrier family 5 member 1,SLC5A1,3.142,1.94E-34,Plasma Membrane,transporter,,,,,,,,,,,,,,
solute carrier family 6 member 14,SLC6A14,3.197,2.14E-32,Plasma Membrane,transporter,,,,,,,,,,,,,,
solute carrier family 7 member 11,SLC7A11,3.037,2.26E-42,Plasma Membrane,transporter,,,,,,,,,,,,,,
secreted LY6/PLAUR domain containing 2,SLURP2,2.475,1.09E-22,Cytoplasm,other,,,,,,,,,,,,,,
spermine oxidase,SMOX,2.096,1.56E-32,Cytoplasm,enzyme,,,,,,,,,,,,,,
sphingomyelin phosphodiesterase 3,SMPD3,2.184,2.65E-33,Cytoplasm,enzyme,,,,,,,,,,,,,,
"small nucleolar RNA, C/D box 3B-2",SNORD3B-2,-2.771,2.31E-14,Other,other,,,,,,,,,,,,,,
suppressor of cytokine signaling 2,SOCS2,-2.121,3.82E-13,Cytoplasm,other,,,,,,,,,,,,,,
suppressor of cytokine signaling 3,SOCS3,-2.167,6.70E-12,Cytoplasm,phosphatase,,,,,,,,,,,,,,
superoxide dismutase 2,SOD2,-2.29,2.23E-11,Cytoplasm,enzyme,,,,,,,,,,,,,,
sorbin and SH3 domain containing 1,SORBS1,-2.103,3.85E-10,Plasma Membrane,other,,,,,,,,,,,,,,
sorbin and SH3 domain containing 2,SORBS2,-2.595,2.99E-17,Plasma Membrane,other,,,,,,,,,,,,,,
SRY-box transcription factor 5,SOX5,-2.224,2.46E-30,Nucleus,transcription regulator,,,,,,,,,,,,,,
SRY-box transcription factor 8,SOX8,-2.548,9.81E-28,Nucleus,transcription regulator,,,,,,,,,,,,,,
SRY-box transcription factor 9,SOX9,-2.299,2.01E-20,Nucleus,transcription regulator,,,,,,,,,,,,,,
SRY-box transcription factor 17,SOX17,-2.239,1.10E-19,Nucleus,transcription regulator,,,,,,,,,,,,,,
spermatogenesis associated 20,SPATA20,2.066,4.13E-30,Cytoplasm,other,,,,,,,,,,,,,,
SPC25 component of NDC80 kinetochore complex,SPC25,2.408,4.56E-29,Cytoplasm,other,,,,,,,,,,,,,,
small proline rich protein 3,SPRR3,2.61,1.36E-11,Cytoplasm,other,,,,,,,,,,,,,,
small proline rich protein 1A,SPRR1A,3.568,5.14E-44,Cytoplasm,other,,,,,,,,,,,,,,
small proline rich protein 1B,SPRR1B,2.921,1.64E-35,Cytoplasm,other,,,,,,,,,,,,,,
small proline rich protein 2A,SPRR2A,4.213,5.03E-37,Cytoplasm,other,,,,,,,,,,,,,,
small proline rich protein 2C (pseudogene),SPRR2C,7.549,1.25E-155,Cytoplasm,other,,,,,,,,,,,,,,
small proline rich protein 2D,SPRR2D,4.66,1.85E-27,Cytoplasm,other,,,,,,,,,,,,,,
small proline rich protein 2G,SPRR2G,4.132,9.74E-30,Cytoplasm,other,,,,,,,,,,,,,,
sprouty RTK signaling antagonist 1,SPRY1,-2.318,2.90E-35,Cytoplasm,other,,,,,,,,,,,,,,
"spectrin beta, non-erythrocytic 1",SPTBN1,-2.287,6.28E-23,Plasma Membrane,other,,,,,,,,,,,,,,
spexin hormone,SPX,-2.612,2.51E-12,Nucleus,other,,,,,,,,,,,,,,
steroid 5 alpha-reductase 3,SRD5A3,2.026,1.31E-40,Cytoplasm,enzyme,,,,,,,,,,,,,,
sarcospan,SSPN,-2.363,1.46E-18,Plasma Membrane,other,,,,,,,,,,,,,,
signal transducer and activator of transcription 1,STAT1,3.222,1.93E-29,Nucleus,transcription regulator,,,,,,,,,,,,,,
stanniocalcin 1,STC1,-3.796,1.27E-24,Extracellular Space,kinase,,,,,,,,,,,,,,
steroid sulfatase,STS,2.146,5.90E-19,Cytoplasm,enzyme,,,,,,,,,,,,,,
"TALAM1 transcript, MALAT1 antisense RNA",TALAM1,-2.125,3.31E-20,Other,other,,,,,,,,,,,,,,
"transporter 2, ATP binding cassette subfamily B member",TAP2,2.164,9.36E-18,Cytoplasm,transporter,,,,,,,,,,,,,,
T-box transcription factor 3,TBX3,-2.106,1.37E-14,Nucleus,transcription regulator,,,,,,,,,,,,,,
transcriptional and immune response regulator,TCIM,-2.366,1.03E-22,Nucleus,other,,,,,,,,,,,,,,
transcobalamin 1,TCN1,6.396,3.18E-43,Cytoplasm,transporter,,,,,,,,,,,,,,
transferrin,TF,-2.232,3.61E-08,Extracellular Space,transporter,,,,,,,,,,,,,,
transglutaminase 1,TGM1,3.168,1.54E-45,Plasma Membrane,enzyme,,,,,,,,,,,,,,
transglutaminase 3,TGM3,3.299,2.41E-35,Cytoplasm,enzyme,,,,,,,,,,,,,,
thrombospondin 1,THBS1,-2.361,6.99E-13,Extracellular Space,other,,,,,,,,,,,,,,
thyroid hormone responsive,THRSP,-2.941,2.06E-12,Nucleus,other,,,,,,,,,,,,,,
TIAM Rac1 associated GEF 2,TIAM2,-2.634,1.23E-43,Cytoplasm,enzyme,,,,,,,,,,,,,,
TIMP metallopeptidase inhibitor 3,TIMP3,-2.143,1.75E-16,Extracellular Space,other,,,,,,,,,,,,,,
TIMP metallopeptidase inhibitor 4,TIMP4,-3.199,1.14E-13,Extracellular Space,other,,,,,,,,,,,,,,
thymidine kinase 1,TK1,3.181,9.83E-47,Cytoplasm,kinase,,,,,,,,,,,,,,
TLC domain containing 4,TLCD4,-3.359,5.36E-26,Other,other,,,,,,,,,,,,,,
transmembrane 4 L six family member 1,TM4SF1,-2.24,1.29E-12,Plasma Membrane,other,,,,,,,,,,,,,,
transmembrane channel like 5,TMC5,3.501,3.10E-43,Cytoplasm,other,,,,,,,,,,,,,,
transmembrane protein 54,TMEM54,2.13,9.41E-32,Other,other,,,,,,,,,,,,,,
transmembrane protein 213,TMEM213,-2.153,9.39E-18,Other,other,,,,,,,,,,,,,,
transmembrane protein 45B,TMEM45B,2.659,6.54E-43,Extracellular Space,other,,,,,,,,,,,,,,
transmembrane protein 86A,TMEM86A,2.761,1.66E-47,Cytoplasm,enzyme,,,,,,,,,,,,,,
transmembrane serine protease 4,TMPRSS4,3.162,3.21E-32,Extracellular Space,peptidase,,,,,,,,,,,,,,
transmembrane serine protease 11D,TMPRSS11D,5.275,3.34E-56,Extracellular Space,peptidase,,,,,,,,,,,,,,
TNF alpha induced protein 3,TNFAIP3,-2.179,1.12E-21,Nucleus,enzyme,,,,,,,,,,,,,,
TNFAIP3 interacting protein 3,TNIP3,2.769,6.12E-12,Cytoplasm,other,,,,,,,,,,,,,,
TPX2 microtubule nucleation factor,TPX2,2.081,1.43E-18,Nucleus,other,,,,,,,,,,,,,,
T cell receptor beta constant 1,TRBC1,2.685,5.51E-18,Plasma Membrane,other,,,,,,,,,,,,,,
three prime repair exonuclease 2,TREX2,4.025,6.87E-35,Nucleus,enzyme,,,,,,,,,,,,,,
tripartite motif containing 14,TRIM14,2.019,6.16E-30,Cytoplasm,enzyme,,,,,,,,,,,,,,
thyroid hormone receptor interactor 13,TRIP13,2.422,3.10E-33,Cytoplasm,transcription regulator,,,,,,,,,,,,,,
TSC22 domain family member 3,TSC22D3,-2.606,1.65E-21,Nucleus,transcription regulator,,,,,,,,,,,,,,
tetratricopeptide repeat domain 39A,TTC39A,2.445,3.71E-36,Cytoplasm,other,,,,,,,,,,,,,,
TTK protein kinase,TTK,2.019,4.77E-18,Nucleus,kinase,,,,,,,,,,,,,,
thymidine phosphorylase,TYMP,3.639,7.02E-30,Cytoplasm,enzyme,,,,,,,,,,,,,,
thymidylate synthetase,TYMS,2.623,3.59E-29,Nucleus,enzyme,,,,,,,,,,,,,,
ubiquitin conjugating enzyme E2 T,UBE2T,2.016,1.20E-20,Nucleus,enzyme,,,,,,,,,,,,,,
ubinuclein 2,UBN2,-2.113,6.22E-23,Nucleus,other,,,,,,,,,,,,,,
unc-93 homolog A,UNC93A,2.349,7.60E-17,Plasma Membrane,other,,,,,,,,,,,,,,
uronyl 2-sulfotransferase,UST,-2.093,3.02E-19,Cytoplasm,enzyme,,,,,,,,,,,,,,
vascular endothelial growth factor A,VEGFA,-2.276,2.60E-12,Extracellular Space,growth factor,,,,,,,,,,,,,,
vanin 1,VNN1,3.457,7.83E-30,Plasma Membrane,enzyme,,,,,,,,,,,,,,
"vanin 3, pseudogene",VNN3P,3.484,1.24E-29,Extracellular Space,enzyme,,,,,,,,,,,,,,
V-set domain containing T cell activation inhibitor 1,VTCN1,-2.138,6.19E-12,Plasma Membrane,other,,,,,,,,,,,,,,
WD repeat domain 33,WDR33,-2.248,7.17E-27,Nucleus,other,,,,,,,,,,,,,,
WD repeat domain 72,WDR72,-3.134,3.98E-22,Cytoplasm,other,,,,,,,,,,,,,,
WEE1 G2 checkpoint kinase,WEE1,-2.85,2.66E-14,Nucleus,kinase,,,,,,,,,,,,,,
WAP four-disulfide core domain 3,WFDC3,-3.237,7.03E-26,Extracellular Space,other,,,,,,,,,,,,,,
WAP four-disulfide core domain 12,WFDC12,2.871,1.17E-17,Extracellular Space,other,,,,,,,,,,,,,,
WNT inhibitory factor 1,WIF1,-2.257,1.28E-07,Extracellular Space,other,,,,,,,,,,,,,,
XIAP associated factor 1,XAF1,2.206,6.84E-22,Nucleus,other,,,,,,,,,,,,,,
xanthine dehydrogenase,XDH,2.817,1.78E-16,Cytoplasm,enzyme,,,,,,,,,,,,,,
"Yip1 interacting factor homolog B, membrane trafficking protein",YIF1B,2.643,3.32E-32,Cytoplasm,other,,,,,,,,,,,,,,
zinc finger and BTB domain containing 10,ZBTB10,-2.064,9.45E-31,Nucleus,transcription regulator,,,,,,,,,,,,,,
zinc finger and BTB domain containing 16,ZBTB16,-2.611,2.37E-13,Nucleus,transcription regulator,,,,,,,,,,,,,,
zinc finger and BTB domain containing 20,ZBTB20,-2.462,5.26E-24,Nucleus,transcription regulator,,,,,,,,,,,,,,
zinc finger CCCH-type containing 11A,ZC3H11A,-2.077,7.49E-15,Nucleus,other,,,,,,,,,,,,,,
zinc finger CCCH-type containing 12A,ZC3H12A,2.204,1.61E-10,Cytoplasm,enzyme,,,,,,,,,,,,,,
zinc finger DHHC-type palmitoyltransferase 21,ZDHHC21,2.736,1.54E-23,Plasma Membrane,enzyme,,,,,,,,,,,,,,
ZFP36 ring finger protein,ZFP36,-2.689,2.00E-27,Nucleus,transcription regulator,,,,,,,,,,,,,,
ZFP36 ring finger protein like 1,ZFP36L1,-2.217,1.25E-28,Nucleus,transcription regulator,,,,,,,,,,,,,,
zinc finger protein 415,ZNF415,-2.023,1.93E-30,Nucleus,transcription regulator,,,,,,,,,,,,,,
zinc finger protein 606,ZNF606,-2.007,2.54E-28,Nucleus,transcription regulator,,,,,,,,,,,,,,
zinc finger protein 677,ZNF677,-2.153,1.61E-33,Other,other,,,,,,,,,,,,,,
ZNF667 antisense RNA 1 (head to head),ZNF667-AS1,-2.539,6.69E-24,Other,other,,,,,,,,,,,,,,
zinc finger and SCAN domain containing 18,ZSCAN18,-2.204,2.21E-40,Other,other,,,,,,,,,,,,,,
ZW10 interacting kinetochore protein,ZWINT,2.048,1.07E-25,Nucleus,other,,,,,,,,,,,,,,
,,,,,,,,,,,,,,,,,,,
,,,,,,,,,,,,,,,,,,,
,,,,,,,,,,,,,,,,,,,
,,,,,,,,,,,,,,,,,,,
,,,,,,,,,,,,,,,,,,,
,,,,,,,,,,,,,,,,,,,
,,,,,,,,,,,,,,,,,,,
,,,,,,,,,,,,,,,,,,,
,,,,,,,,,,,,,,,,,,,
,,,,,,,,,,,,,,,,,,,
,,,,,,,,,,,,,,,,,,,
,,,,,,,,,,,,,,,,,,,
,,,,,,,,,,,,,,,,,,,
,,,,,,,,,,,,,,,,,,,
,,,,,,,,,,,,,,,,,,,
,,,,,,,,,,,,,,,,,,,
,,,,,,,,,,,,,,,,,,,
,,,,,,,,,,,,,,,,,,,
,,,,,,,,,,,,,,,,,,,
,,,,,,,,,,,,,,,,,,,
,,,,,,,,,,,,,,,,,,,
,,,,,,,,,,,,,,,,,,,
,,,,,,,,,,,,,,,,,,,
,,,,,,,,,,,,,,,,,,,
,,,,,,,,,,,,,,,,,,,
,,,,,,,,,,,,,,,,,,,
,,,,,,,,,,,,,,,,,,,
,,,,,,,,,,,,,,,,,,,
,,,,,,,,,,,,,,,,,,,
,,,,,,,,,,,,,,,,,,,
,,,,,,,,,,,,,,,,,,,
,,,,,,,,,,,,,,,,,,,
,,,,,,,,,,,,,,,,,,,
,,,,,,,,,,,,,,,,,,,
,,,,,,,,,,,,,,,,,,,
,,,,,,,,,,,,,,,,,,,
,,,,,,,,,,,,,,,,,,,
,,,,,,,,,,,,,,,,,,,
,,,,,,,,,,,,,,,,,,,
,,,,,,,,,,,,,,,,,,,
,,,,,,,,,,,,,,,,,,,
,,,,,,,,,,,,,,,,,,,
,,,,,,,,,,,,,,,,,,,
,,,,,,,,,,,,,,,,,,,
,,,,,,,,,,,,,,,,,,,
,,,,,,,,,,,,,,,,,,,
,,,,,,,,,,,,,,,,,,,
,,,,,,,,,,,,,,,,,,,
,,,,,,,,,,,,,,,,,,,
,,,,,,,,,,,,,,,,,,,
,,,,,,,,,,,,,,,,,,,
,,,,,,,,,,,,,,,,,,,
,,,,,,,,,,,,,,,,,,,
,,,,,,,,,,,,,,,,,,,
,,,,,,,,,,,,,,,,,,,
,,,,,,,,,,,,,,,,,,,
,,,,,,,,,,,,,,,,,,,
,,,,,,,,,,,,,,,,,,,
,,,,,,,,,,,,,,,,,,,
,,,,,,,,,,,,,,,,,,,
,,,,,,,,,,,,,,,,,,,
,,,,,,,,,,,,,,,,,,,
,,,,,,,,,,,,,,,,,,,
,,,,,,,,,,,,,,,,,,,
,,,,,,,,,,,,,,,,,,,
,,,,,,,,,,,,,,,,,,,
,,,,,,,,,,,,,,,,,,,
,,,,,,,,,,,,,,,,,,,
,,,,,,,,,,,,,,,,,,,
,,,,,,,,,,,,,,,,,,,
,,,,,,,,,,,,,,,,,,,
,,,,,,,,,,,,,,,,,,,
,,,,,,,,,,,,,,,,,,,
,,,,,,,,,,,,,,,,,,,
,,,,,,,,,,,,,,,,,,,
,,,,,,,,,,,,,,,,,,,
,,,,,,,,,,,,,,,,,,,
,,,,,,,,,,,,,,,,,,,
,,,,,,,,,,,,,,,,,,,
,,,,,,,,,,,,,,,,,,,
,,,,,,,,,,,,,,,,,,,
,,,,,,,,,,,,,,,,,,,
,,,,,,,,,,,,,,,,,,,
,,,,,,,,,,,,,,,,,,,
,,,,,,,,,,,,,,,,,,,
,,,,,,,,,,,,,,,,,,,
,,,,,,,,,,,,,,,,,,,
,,,,,,,,,,,,,,,,,,,
,,,,,,,,,,,,,,,,,,,
,,,,,,,,,,,,,,,,,,,
,,,,,,,,,,,,,,,,,,,
,,,,,,,,,,,,,,,,,,,
,,,,,,,,,,,,,,,,,,,
,,,,,,,,,,,,,,,,,,,
,,,,,,,,,,,,,,,,,,,
,,,,,,,,,,,,,,,,,,,
,,,,,,,,,,,,,,,,,,,
,,,,,,,,,,,,,,,,,,,
,,,,,,,,,,,,,,,,,,,
,,,,,,,,,,,,,,,,,,,
,,,,,,,,,,,,,,,,,,,
,,,,,,,,,,,,,,,,,,,
,,,,,,,,,,,,,,,,,,,
,,,,,,,,,,,,,,,,,,,
,,,,,,,,,,,,,,,,,,,
,,,,,,,,,,,,,,,,,,,
,,,,,,,,,,,,,,,,,,,
,,,,,,,,,,,,,,,,,,,
,,,,,,,,,,,,,,,,,,,
,,,,,,,,,,,,,,,,,,,
,,,,,,,,,,,,,,,,,,,
,,,,,,,,,,,,,,,,,,,
,,,,,,,,,,,,,,,,,,,
,,,,,,,,,,,,,,,,,,,
,,,,,,,,,,,,,,,,,,,
,,,,,,,,,,,,,,,,,,,
,,,,,,,,,,,,,,,,,,,
,,,,,,,,,,,,,,,,,,,
,,,,,,,,,,,,,,,,,,,
,,,,,,,,,,,,,,,,,,,
,,,,,,,,,,,,,,,,,,,
,,,,,,,,,,,,,,,,,,,
,,,,,,,,,,,,,,,,,,,
,,,,,,,,,,,,,,,,,,,
,,,,,,,,,,,,,,,,,,,
,,,,,,,,,,,,,,,,,,,
,,,,,,,,,,,,,,,,,,,
,,,,,,,,,,,,,,,,,,,
,,,,,,,,,,,,,,,,,,,
,,,,,,,,,,,,,,,,,,,
,,,,,,,,,,,,,,,,,,,
,,,,,,,,,,,,,,,,,,,
,,,,,,,,,,,,,,,,,,,
,,,,,,,,,,,,,,,,,,,
,,,,,,,,,,,,,,,,,,,
,,,,,,,,,,,,,,,,,,,
,,,,,,,,,,,,,,,,,,,
,,,,,,,,,,,,,,,,,,,
,,,,,,,,,,,,,,,,,,,
,,,,,,,,,,,,,,,,,,,
,,,,,,,,,,,,,,,,,,,
,,,,,,,,,,,,,,,,,,,
,,,,,,,,,,,,,,,,,,,
,,,,,,,,,,,,,,,,,,,
,,,,,,,,,,,,,,,,,,,
,,,,,,,,,,,,,,,,,,,
,,,,,,,,,,,,,,,,,,,
,,,,,,,,,,,,,,,,,,,
,,,,,,,,,,,,,,,,,,,
,,,,,,,,,,,,,,,,,,,
,,,,,,,,,,,,,,,,,,,
,,,,,,,,,,,,,,,,,,,
,,,,,,,,,,,,,,,,,,,
,,,,,,,,,,,,,,,,,,,
,,,,,,,,,,,,,,,,,,,
,,,,,,,,,,,,,,,,,,,
,,,,,,,,,,,,,,,,,,,
,,,,,,,,,,,,,,,,,,,
,,,,,,,,,,,,,,,,,,,
,,,,,,,,,,,,,,,,,,,
,,,,,,,,,,,,,,,,,,,
,,,,,,,,,,,,,,,,,,,
,,,,,,,,,,,,,,,,,,,
,,,,,,,,,,,,,,,,,,,
,,,,,,,,,,,,,,,,,,,
,,,,,,,,,,,,,,,,,,,
,,,,,,,,,,,,,,,,,,,
,,,,,,,,,,,,,,,,,,,
,,,,,,,,,,,,,,,,,,,
,,,,,,,,,,,,,,,,,,,
,,,,,,,,,,,,,,,,,,,
,,,,,,,,,,,,,,,,,,,
,,,,,,,,,,,,,,,,,,,
,,,,,,,,,,,,,,,,,,,
,,,,,,,,,,,,,,,,,,,
,,,,,,,,,,,,,,,,,,,
,,,,,,,,,,,,,,,,,,,
,,,,,,,,,,,,,,,,,,,
,,,,,,,,,,,,,,,,,,,
,,,,,,,,,,,,,,,,,,,
,,,,,,,,,,,,,,,,,,,
,,,,,,,,,,,,,,,,,,,
,,,,,,,,,,,,,,,,,,,
,,,,,,,,,,,,,,,,,,,
,,,,,,,,,,,,,,,,,,,
,,,,,,,,,,,,,,,,,,,
,,,,,,,,,,,,,,,,,,,
,,,,,,,,,,,,,,,,,,,
,,,,,,,,,,,,,,,,,,,
,,,,,,,,,,,,,,,,,,,
,,,,,,,,,,,,,,,,,,,
,,,,,,,,,,,,,,,,,,,
,,,,,,,,,,,,,,,,,,,
,,,,,,,,,,,,,,,,,,,
,,,,,,,,,,,,,,,,,,,
,,,,,,,,,,,,,,,,,,,
,,,,,,,,,,,,,,,,,,,
,,,,,,,,,,,,,,,,,,,
,,,,,,,,,,,,,,,,,,,
,,,,,,,,,,,,,,,,,,,
,,,,,,,,,,,,,,,,,,,
,,,,,,,,,,,,,,,,,,,
,,,,,,,,,,,,,,,,,,,
,,,,,,,,,,,,,,,,,,,
,,,,,,,,,,,,,,,,,,,
,,,,,,,,,,,,,,,,,,,
,,,,,,,,,,,,,,,,,,,
,,,,,,,,,,,,,,,,,,,
,,,,,,,,,,,,,,,,,,,
,,,,,,,,,,,,,,,,,,,
,,,,,,,,,,,,,,,,,,,
,,,,,,,,,,,,,,,,,,,
,,,,,,,,,,,,,,,,,,,
,,,,,,,,,,,,,,,,,,,
,,,,,,,,,,,,,,,,,,,
,,,,,,,,,,,,,,,,,,,
,,,,,,,,,,,,,,,,,,,
,,,,,,,,,,,,,,,,,,,
,,,,,,,,,,,,,,,,,,,
,,,,,,,,,,,,,,,,,,,
,,,,,,,,,,,,,,,,,,,
,,,,,,,,,,,,,,,,,,,
,,,,,,,,,,,,,,,,,,,
,,,,,,,,,,,,,,,,,,,
,,,,,,,,,,,,,,,,,,,
,,,,,,,,,,,,,,,,,,,
,,,,,,,,,,,,,,,,,,,
,,,,,,,,,,,,,,,,,,,
,,,,,,,,,,,,,,,,,,,
,,,,,,,,,,,,,,,,,,,
,,,,,,,,,,,,,,,,,,,
,,,,,,,,,,,,,,,,,,,
,,,,,,,,,,,,,,,,,,,
,,,,,,,,,,,,,,,,,,,
,,,,,,,,,,,,,,,,,,,
,,,,,,,,,,,,,,,,,,,
,,,,,,,,,,,,,,,,,,,
,,,,,,,,,,,,,,,,,,,
,,,,,,,,,,,,,,,,,,,
,,,,,,,,,,,,,,,,,,,
,,,,,,,,,,,,,,,,,,,
,,,,,,,,,,,,,,,,,,,
,,,,,,,,,,,,,,,,,,,
,,,,,,,,,,,,,,,,,,,
,,,,,,,,,,,,,,,,,,,
,,,,,,,,,,,,,,,,,,,
,,,,,,,,,,,,,,,,,,,
,,,,,,,,,,,,,,,,,,,
,,,,,,,,,,,,,,,,,,,
,,,,,,,,,,,,,,,,,,,
,,,,,,,,,,,,,,,,,,,
,,,,,,,,,,,,,,,,,,,
,,,,,,,,,,,,,,,,,,,
,,,,,,,,,,,,,,,,,,,
,,,,,,,,,,,,,,,,,,,
,,,,,,,,,,,,,,,,,,,
,,,,,,,,,,,,,,,,,,,
,,,,,,,,,,,,,,,,,,,
,,,,,,,,,,,,,,,,,,,
,,,,,,,,,,,,,,,,,,,
,,,,,,,,,,,,,,,,,,,
,,,,,,,,,,,,,,,,,,,
,,,,,,,,,,,,,,,,,,,
,,,,,,,,,,,,,,,,,,,
,,,,,,,,,,,,,,,,,,,
,,,,,,,,,,,,,,,,,,,
,,,,,,,,,,,,,,,,,,,
,,,,,,,,,,,,,,,,,,,
,,,,,,,,,,,,,,,,,,,
,,,,,,,,,,,,,,,,,,,
,,,,,,,,,,,,,,,,,,,
,,,,,,,,,,,,,,,,,,,
,,,,,,,,,,,,,,,,,,,
,,,,,,,,,,,,,,,,,,,
,,,,,,,,,,,,,,,,,,,
,,,,,,,,,,,,,,,,,,,
,,,,,,,,,,,,,,,,,,,
,,,,,,,,,,,,,,,,,,,
,,,,,,,,,,,,,,,,,,,
,,,,,,,,,,,,,,,,,,,
,,,,,,,,,,,,,,,,,,,
,,,,,,,,,,,,,,,,,,,
,,,,,,,,,,,,,,,,,,,
,,,,,,,,,,,,,,,,,,,
,,,,,,,,,,,,,,,,,,,
,,,,,,,,,,,,,,,,,,,
,,,,,,,,,,,,,,,,,,,
,,,,,,,,,,,,,,,,,,,
,,,,,,,,,,,,,,,,,,,
,,,,,,,,,,,,,,,,,,,
,,,,,,,,,,,,,,,,,,,
,,,,,,,,,,,,,,,,,,,
,,,,,,,,,,,,,,,,,,,
,,,,,,,,,,,,,,,,,,,
,,,,,,,,,,,,,,,,,,,
,,,,,,,,,,,,,,,,,,,
,,,,,,,,,,,,,,,,,,,
,,,,,,,,,,,,,,,,,,,
,,,,,,,,,,,,,,,,,,,
,,,,,,,,,,,,,,,,,,,
,,,,,,,,,,,,,,,,,,,
,,,,,,,,,,,,,,,,,,,
,,,,,,,,,,,,,,,,,,,
,,,,,,,,,,,,,,,,,,,
,,,,,,,,,,,,,,,,,,,
,,,,,,,,,,,,,,,,,,,
,,,,,,,,,,,,,,,,,,,
,,,,,,,,,,,,,,,,,,,
,,,,,,,,,,,,,,,,,,,
,,,,,,,,,,,,,,,,,,,
,,,,,,,,,,,,,,,,,,,
,,,,,,,,,,,,,,,,,,,
,,,,,,,,,,,,,,,,,,,
,,,,,,,,,,,,,,,,,,,
,,,,,,,,,,,,,,,,,,,
,,,,,,,,,,,,,,,,,,,
,,,,,,,,,,,,,,,,,,,
,,,,,,,,,,,,,,,,,,,
,,,,,,,,,,,,,,,,,,,
,,,,,,,,,,,,,,,,,,,
,,,,,,,,,,,,,,,,,,,
,,,,,,,,,,,,,,,,,,,
,,,,,,,,,,,,,,,,,,,
,,,,,,,,,,,,,,,,,,,
,,,,,,,,,,,,,,,,,,,
,,,,,,,,,,,,,,,,,,,
,,,,,,,,,,,,,,,,,,,
,,,,,,,,,,,,,,,,,,,
,,,,,,,,,,,,,,,,,,,
,,,,,,,,,,,,,,,,,,,
,,,,,,,,,,,,,,,,,,,
,,,,,,,,,,,,,,,,,,,
,,,,,,,,,,,,,,,,,,,
,,,,,,,,,,,,,,,,,,,
,,,,,,,,,,,,,,,,,,,
,,,,,,,,,,,,,,,,,,,
,,,,,,,,,,,,,,,,,,,
,,,,,,,,,,,,,,,,,,,
,,,,,,,,,,,,,,,,,,,
,,,,,,,,,,,,,,,,,,,
,,,,,,,,,,,,,,,,,,,
,,,,,,,,,,,,,,,,,,,
,,,,,,,,,,,,,,,,,,,
,,,,,,,,,,,,,,,,,,,
,,,,,,,,,,,,,,,,,,,
,,,,,,,,,,,,,,,,,,,
,,,,,,,,,,,,,,,,,,,
,,,,,,,,,,,,,,,,,,,
,,,,,,,,,,,,,,,,,,,
,,,,,,,,,,,,,,,,,,,
,,,,,,,,,,,,,,,,,,,
,,,,,,,,,,,,,,,,,,,
,,,,,,,,,,,,,,,,,,,
,,,,,,,,,,,,,,,,,,,
,,,,,,,,,,,,,,,,,,,
,,,,,,,,,,,,,,,,,,,
,,,,,,,,,,,,,,,,,,,
,,,,,,,,,,,,,,,,,,,
,,,,,,,,,,,,,,,,,,,
,,,,,,,,,,,,,,,,,,,
,,,,,,,,,,,,,,,,,,,
,,,,,,,,,,,,,,,,,,,
,,,,,,,,,,,,,,,,,,,
,,,,,,,,,,,,,,,,,,,
,,,,,,,,,,,,,,,,,,,
,,,,,,,,,,,,,,,,,,,
,,,,,,,,,,,,,,,,,,,
,,,,,,,,,,,,,,,,,,,
,,,,,,,,,,,,,,,,,,,
,,,,,,,,,,,,,,,,,,,
,,,,,,,,,,,,,,,,,,,
,,,,,,,,,,,,,,,,,,,
,,,,,,,,,,,,,,,,,,,
,,,,,,,,,,,,,,,,,,,
,,,,,,,,,,,,,,,,,,,
,,,,,,,,,,,,,,,,,,,
,,,,,,,,,,,,,,,,,,,
,,,,,,,,,,,,,,,,,,,
,,,,,,,,,,,,,,,,,,,
,,,,,,,,,,,,,,,,,,,
,,,,,,,,,,,,,,,,,,,
,,,,,,,,,,,,,,,,,,,
,,,,,,,,,,,,,,,,,,,
,,,,,,,,,,,,,,,,,,,
,,,,,,,,,,,,,,,,,,,
,,,,,,,,,,,,,,,,,,,
,,,,,,,,,,,,,,,,,,,
,,,,,,,,,,,,,,,,,,,
,,,,,,,,,,,,,,,,,,,
,,,,,,,,,,,,,,,,,,,
,,,,,,,,,,,,,,,,,,,
,,,,,,,,,,,,,,,,,,,
,,,,,,,,,,,,,,,,,,,
,,,,,,,,,,,,,,,,,,,
,,,,,,,,,,,,,,,,,,,
,,,,,,,,,,,,,,,,,,,
,,,,,,,,,,,,,,,,,,,
,,,,,,,,,,,,,,,,,,,
,,,,,,,,,,,,,,,,,,,
,,,,,,,,,,,,,,,,,,,
,,,,,,,,,,,,,,,,,,,
,,,,,,,,,,,,,,,,,,,
,,,,,,,,,,,,,,,,,,,
,,,,,,,,,,,,,,,,,,,
,,,,,,,,,,,,,,,,,,,
,,,,,,,,,,,,,,,,,,,
,,,,,,,,,,,,,,,,,,,
,,,,,,,,,,,,,,,,,,,
,,,,,,,,,,,,,,,,,,,
,,,,,,,,,,,,,,,,,,,
,,,,,,,,,,,,,,,,,,,
,,,,,,,,,,,,,,,,,,,
,,,,,,,,,,,,,,,,,,,
,,,,,,,,,,,,,,,,,,,
,,,,,,,,,,,,,,,,,,,
,,,,,,,,,,,,,,,,,,,
,,,,,,,,,,,,,,,,,,,
,,,,,,,,,,,,,,,,,,,
,,,,,,,,,,,,,,,,,,,
,,,,,,,,,,,,,,,,,,,
,,,,,,,,,,,,,,,,,,,
,,,,,,,,,,,,,,,,,,,
,,,,,,,,,,,,,,,,,,,
,,,,,,,,,,,,,,,,,,,
,,,,,,,,,,,,,,,,,,,
,,,,,,,,,,,,,,,,,,,
,,,,,,,,,,,,,,,,,,,
,,,,,,,,,,,,,,,,,,,
,,,,,,,,,,,,,,,,,,,
,,,,,,,,,,,,,,,,,,,
,,,,,,,,,,,,,,,,,,,
,,,,,,,,,,,,,,,,,,,
,,,,,,,,,,,,,,,,,,,
,,,,,,,,,,,,,,,,,,,
,,,,,,,,,,,,,,,,,,,
,,,,,,,,,,,,,,,,,,,
,,,,,,,,,,,,,,,,,,,
,,,,,,,,,,,,,,,,,,,
,,,,,,,,,,,,,,,,,,,
,,,,,,,,,,,,,,,,,,,
,,,,,,,,,,,,,,,,,,,
,,,,,,,,,,,,,,,,,,,
,,,,,,,,,,,,,,,,,,,
